[
  {
    "name":"Afghanistan",
    "country_code":93,
    "capital":"Kabul",
    "currency":"Afghani",
    "language":"Pashto, Dari (Persian)",
    "religion":"Islam"
  },
  {
    "name":"Albania",
    "country_code":355,
    "capital":"Tirana",
    "currency":"Lek",
    "language":"Albanian",
    "religion":"Islam, Christianity"
  },
  {
    "name":"Algeria",
    "country_code":213,
    "capital":"Algiers",
    "currency":"Algerian Dinar",
    "language":"Arabic; Tamazight; French",
    "religion":"Islam"
  },
  {
    "name":"Andorra",
    "country_code":376,
    "capital":"Andorra la Vella",
    "currency":"Euro",
    "language":"Catalan",
    "religion":"Christianity"
  },
  {
    "name":"Angola",
    "country_code":244,
    "capital":"Luanda",
    "currency":"Kwanza",
    "language":"Portuguese",
    "religion":"Christianity"
  },
  {
    "name":"Antigua \u0026 Barbuda",
    "country_code":1268,
    "capital":"Saint John\u0027s",
    "currency":"East Caribbean Dollar",
    "language":"English",
    "religion":"Christianity"
  },
  {
    "name":"Argentina",
    "country_code":54,
    "capital":"Buenos Aires",
    "currency":"Argentine Peso",
    "language":"Spanish",
    "religion":"Christianity (But Secular Country)"
  },
  {
    "name":"Armenia",
    "country_code":374,
    "capital":"Yerevan",
    "currency":"Dram",
    "language":"Armenian",
    "religion":"Christianity"
  },
  {
    "name":"Australia",
    "country_code":61,
    "capital":"Canberra",
    "currency":"Australian Dollar",
    "language":"English",
    "religion":"Christianity (But Secular Country)"
  },
  {
    "name":"Austria",
    "country_code":43,
    "capital":"Vienna",
    "currency":"Euro",
    "language":"German",
    "religion":"Christianity"
  },
  {
    "name":"Azerbaijan",
    "country_code":994,
    "capital":"Baku",
    "currency":"Manat",
    "language":"Azerbaijani",
    "religion":"Islam"
  },
  {
    "name":"The Bahamas",
    "country_code":1242,
    "capital":"Nassau",
    "currency":"Bahamian Dollar",
    "language":"English",
    "religion":"Christianity"
  },
  {
    "name":"Bahrain",
    "country_code":973,
    "capital":"Manama",
    "currency":"Bahraini Dinar",
    "language":"Arabic",
    "religion":"Islam"
  },
  {
    "name":"Bangladesh",
    "country_code":880,
    "capital":"Dhaka",
    "currency":"Taka",
    "language":"Bangla",
    "religion":"Islam"
  },
  {
    "name":"Barbados",
    "country_code":1246,
    "capital":"Bridgetown",
    "currency":"Barbadian Dollar",
    "language":"English",
    "religion":"Christianity"
  },
  {
    "name":"Belarus",
    "country_code":375,
    "capital":"Minsk",
    "currency":"Belarusian Ruble",
    "language":"Belarusian; Russian",
    "religion":"Christianity"
  },
  {
    "name":"Belgium",
    "country_code":32,
    "capital":"Brussels",
    "currency":"Euro",
    "language":"Dutch; French; German",
    "religion":"Secular"
  },
  {
    "name":"Belize",
    "country_code":501,
    "capital":"Belmopan",
    "currency":"Belize Dollar",
    "language":"English",
    "religion":"Christianity"
  },
  {
    "name":"Benin",
    "country_code":229,
    "capital":"Porto-Novo",
    "currency":"West African CFA Franc",
    "language":"French",
    "religion":"Christianity"
  },
  {
    "name":"Bhutan",
    "country_code":975,
    "capital":"Thimphu",
    "currency":"Ngultrum",
    "language":"Dzongkha",
    "religion":"Buddhism, Hindu"
  },
  {
    "name":"Bosnia \u0026 Herzegovina",
    "country_code":387,
    "capital":"Sarajevo",
    "currency":"Convertible Mark",
    "language":"Bosnian; Croatian; Serbian",
    "religion":"Islam, Christianity"
  },
  {
    "name":"Botswana",
    "country_code":267,
    "capital":"Gaborone",
    "currency":"Pula",
    "language":"English; Tswana",
    "religion":"Christianity"
  },
  {
    "name":"Brazil",
    "country_code":55,
    "capital":"Brasilia",
    "currency":"Real",
    "language":"Portuguese",
    "religion":"Christianity"
  },
  {
    "name":"Brunei",
    "country_code":673,
    "capital":"Bandar Seri Begawan",
    "currency":"Brunei Dollar",
    "language":"Malay",
    "religion":"Islam"
  },
  {
    "name":"Bulgaria",
    "country_code":359,
    "capital":"Sofia",
    "currency":"Lev",
    "language":"Bulgarian",
    "religion":"Secular"
  },
  {
    "name":"Burkina Faso",
    "country_code":226,
    "capital":"Ouagadougou",
    "currency":"West African CFA Franc",
    "language":"French",
    "religion":"Islam, Christianity"
  },
  {
    "name":"Burundi",
    "country_code":257,
    "capital":"Bujumbura",
    "currency":"Burundi Franc",
    "language":"Kirundi; French",
    "religion":"Christianity"
  },
  {
    "name":"Cambodia",
    "country_code":855,
    "capital":"Phnom Penh",
    "currency":"Riel",
    "language":"Khmer",
    "religion":"Buddhism"
  },
  {
    "name":"Cameroon",
    "country_code":237,
    "capital":"Yaoundé",
    "currency":"Central African CFA Franc",
    "language":"French; English",
    "religion":"Christianity"
  },
  {
    "name":"Canada",
    "country_code":124,
    "capital":"Ottawa",
    "currency":"Canadian Dollar",
    "language":"English; French",
    "religion":"Christianity (But Secular Country)"
  },
  {
    "name":"Cape Verde",
    "country_code":238,
    "capital":"Praia",
    "currency":"Cape Verdean Escudo",
    "language":"Portuguese",
    "religion":"Christianity"
  },
  {
    "name":"Central African Republic",
    "country_code":236,
    "capital":"Bangui",
    "currency":"Central African CFA Franc",
    "language":"Sango; French",
    "religion":"Christianity"
  },
  {
    "name":"Chad",
    "country_code":235,
    "capital":"N\u0027Djamena",
    "currency":"Central African CFA Franc",
    "language":"French; Arabic",
    "religion":"Islam, Christianity"
  },
  {
    "name":"Chile",
    "country_code":56,
    "capital":"Santiago",
    "currency":"Chilean Peso",
    "language":"Spanish",
    "religion":"Christianity"
  },
  {
    "name":"China",
    "country_code":86,
    "capital":"Beijing",
    "currency":"Chinese Yuan",
    "language":"Mandarin",
    "religion":"N/A"
  },
  {
    "name":"Colombia",
    "country_code":57,
    "capital":"Bogota",
    "currency":"Colombian Peso",
    "language":"Spanish",
    "religion":"Christianity"
  },
  {
    "name":"Comoros",
    "country_code":269,
    "capital":"Moroni",
    "currency":"Comorian Franc",
    "language":"Comorian; Arabic; French",
    "religion":"Islam"
  },
  {
    "name":"Democratic Republic of the Congo",
    "country_code":243,
    "capital":"Kinshasa",
    "currency":"Congolese Franc",
    "language":"French",
    "religion":"Christianity"
  },
  {
    "name":"Republic of the Congo",
    "country_code":242,
    "capital":"Brazzaville",
    "currency":"Central African CFA Franc",
    "language":"French",
    "religion":"N/A"
  },
  {
    "name":"Costa Rica",
    "country_code":506,
    "capital":"San Jose",
    "currency":"Colon",
    "language":"Spanish",
    "religion":"Christianity"
  },
  {
    "name":"Cote d\u0027Ivoire (Ivory Coast)",
    "country_code":225,
    "capital":"Yamoussoukro; Abidjan",
    "currency":"West African CFA Franc",
    "language":"French",
    "religion":"Islam, Christianity"
  },
  {
    "name":"Croatia",
    "country_code":385,
    "capital":"Zagreb",
    "currency":"Croatian",
    "language":"Kuna",
    "religion":"Christianity"
  },
  {
    "name":"Cuba",
    "country_code":53,
    "capital":"Havana",
    "currency":"Cuban Peso",
    "language":"Spanish",
    "religion":"Christianity"
  },
  {
    "name":"Cyprus",
    "country_code":357,
    "capital":"Nicosia",
    "currency":"Euro",
    "language":"Greek; Turkish",
    "religion":"Christianity, Islam"
  },
  {
    "name":"Czech Republic",
    "country_code":420,
    "capital":"Prague",
    "currency":"Czech Koruna",
    "language":"Czech; Slovak",
    "religion":"N/A"
  },
  {
    "name":"Denmark",
    "country_code":45,
    "capital":"Copenhagen",
    "currency":"Danish Krone",
    "language":"Danish",
    "religion":"Christianity"
  },
  {
    "name":"Djibouti",
    "country_code":253,
    "capital":"Djibouti City",
    "currency":"Djiboutian Franc",
    "language":"Arabic; French",
    "religion":"Islam, Christianity"
  },
  {
    "name":"Dominica",
    "country_code":1767,
    "capital":"Roseau",
    "currency":"East Caribbean Dollar",
    "language":"English; French; Antillean Creole",
    "religion":"Christianity"
  },
  {
    "name":"Dominican Republic",
    "country_code":1809,
    "capital":"Santo Domingo",
    "currency":"Dominican Peso",
    "language":"Spanish",
    "religion":"Christianity"
  },
  {
    "name":"East Timor (Timor-Leste)",
    "country_code":670,
    "capital":"Dili",
    "currency":"United States Dollar",
    "language":"Tetum; Portuguese",
    "religion":"Christianity"
  },
  {
    "name":"Ecuador",
    "country_code":593,
    "capital":"Quito",
    "currency":"United States Dollar",
    "language":"Spanish",
    "religion":"Christianity"
  },
  {
    "name":"Egypt",
    "country_code":20,
    "capital":"Cairo",
    "currency":"Egyptian Pound",
    "language":"Arabic",
    "religion":"Islam"
  },
  {
    "name":"El Salvador",
    "country_code":503,
    "capital":"San Salvador",
    "currency":"United States Dollar",
    "language":"Spanish",
    "religion":"Christianity"
  },
  {
    "name":"Equatorial Guinea",
    "country_code":240,
    "capital":"Malabo",
    "currency":"Central African CFA Franc",
    "language":"Spanish; French; Portuguese",
    "religion":"Christianity"
  },
  {
    "name":"Eritrea",
    "country_code":291,
    "capital":"Asmara",
    "currency":"Nakfa",
    "language":"Arabic; Tigrinya; English",
    "religion":"Christianity, Islam"
  },
  {
    "name":"Estonia",
    "country_code":372,
    "capital":"Tallinn",
    "currency":"Estonian Kroon; Euro",
    "language":"Estonian",
    "religion":"Secular"
  },
  {
    "name":"Ethiopia",
    "country_code":251,
    "capital":"Addis Ababa",
    "currency":"Birr",
    "language":"Amharic",
    "religion":"Islam, Christianity"
  },
  {
    "name":"Fiji",
    "country_code":679,
    "capital":"Suva",
    "currency":"Fijian Dollar",
    "language":"English; Bau Fijian; Hindi",
    "religion":"Christianity, Hindu, Islam"
  },
  {
    "name":"Finland",
    "country_code":358,
    "capital":"Helsinki",
    "currency":"Euro",
    "language":"Finnish; Swedish",
    "religion":"Christianity"
  },
  {
    "name":"France",
    "country_code":33,
    "capital":"Paris",
    "currency":"Euro; CFP Franc",
    "language":"French",
    "religion":"Secular"
  },
  {
    "name":"Gabon",
    "country_code":241,
    "capital":"Libreville",
    "currency":"Central African CFA Franc",
    "language":"French",
    "religion":"Christianity"
  },
  {
    "name":"The Gambia",
    "country_code":220,
    "capital":"Banjul",
    "currency":"Dalasi",
    "language":"English",
    "religion":"Islam"
  },
  {
    "name":"Georgia",
    "country_code":995,
    "capital":"Tbilisi",
    "currency":"Lari",
    "language":"Georgian",
    "religion":"Christianity"
  },
  {
    "name":"Germany",
    "country_code":49,
    "capital":"Berlin",
    "currency":"Euro",
    "language":"German",
    "religion":"Christianity"
  },
  {
    "name":"Ghana",
    "country_code":233,
    "capital":"Accra",
    "currency":"Ghanaian Cedi",
    "language":"English",
    "religion":"Christianity, Islam"
  },
  {
    "name":"Greece",
    "country_code":30,
    "capital":"Athens",
    "currency":"Euro",
    "language":"Greek",
    "religion":"(Christianity) Orthodoxy"
  },
  {
    "name":"Grenada",
    "country_code":1473,
    "capital":"St. George\u0027s",
    "currency":"East Caribbean Dollar",
    "language":"English; Patois",
    "religion":"Christianity"
  },
  {
    "name":"Guatemala",
    "country_code":502,
    "capital":"Guatemala City",
    "currency":"Quetzal",
    "language":"Spanish",
    "religion":"Christianity"
  },
  {
    "name":"Guinea",
    "country_code":224,
    "capital":"Conakry",
    "currency":"Guinean Franc",
    "language":"French",
    "religion":"Islam, Christianity"
  },
  {
    "name":"Guinea-Bissau",
    "country_code":245,
    "capital":"Bissau",
    "currency":"West African CFA Franc",
    "language":"Portuguese",
    "religion":"Islam, Christianity"
  },
  {
    "name":"Guyana",
    "country_code":592,
    "capital":"Georgetown",
    "currency":"Guyanese Dollar",
    "language":"English",
    "religion":"Christianity, Hindu, Islam"
  },
  {
    "name":"Haiti",
    "country_code":509,
    "capital":"Port-au-Prince",
    "currency":"Gourde",
    "language":"Haitian Creole; French",
    "religion":"Christianity"
  },
  {
    "name":"Honduras",
    "country_code":504,
    "capital":"Tegucigalpa",
    "currency":"Lempira",
    "language":"Spanish",
    "religion":"Christianity"
  },
  {
    "name":"Hungary",
    "country_code":36,
    "capital":"Budapest",
    "currency":"Forint",
    "language":"Hungarian",
    "religion":"Christianity"
  },
  {
    "name":"Iceland",
    "country_code":354,
    "capital":"Reykjavik",
    "currency":"Icelandic Krona",
    "language":"Icelandic",
    "religion":"Christianity"
  },
  {
    "name":"India",
    "country_code":91,
    "capital":"New Delhi",
    "currency":"Indian Rupee",
    "language":"Hindi; English",
    "religion":"Secular"
  },
  {
    "name":"Indonesia",
    "country_code":62,
    "capital":"Jakarta",
    "currency":"Rupiah",
    "language":"Indonesian",
    "religion":"Islam"
  },
  {
    "name":"Iran",
    "country_code":98,
    "capital":"Tehran",
    "currency":"Rial",
    "language":"Persian",
    "religion":"Islam"
  },
  {
    "name":"Iraq",
    "country_code":964,
    "capital":"Baghdad",
    "currency":"Iraqi Dinar",
    "language":"Arabic; Kurdish",
    "religion":"Islam"
  },
  {
    "name":"Republic of Ireland",
    "country_code":353,
    "capital":"Dublin",
    "currency":"Euro",
    "language":"English; Irish",
    "religion":"Christianity"
  },
  {
    "name":"Israel",
    "country_code":972,
    "capital":"Jerusalem",
    "currency":"Shekel",
    "language":"Hebrew; Arabic",
    "religion":"Judaism, Christianity, Islam, Druze"
  },
  {
    "name":"Italy",
    "country_code":39,
    "capital":"Rome",
    "currency":"Euro",
    "language":"Italian",
    "religion":"Christianity"
  },
  {
    "name":"Jamaica",
    "country_code":1876,
    "capital":"Kingston",
    "currency":"Jamaican Dollar",
    "language":"English",
    "religion":"Christianity"
  },
  {
    "name":"Japan",
    "country_code":81,
    "capital":"Tokyo",
    "currency":"Yen",
    "language":"Japanese",
    "religion":"Buddhism or Shinto (But Secular Country)"
  },
  {
    "name":"Jordan",
    "country_code":962,
    "capital":"Amman",
    "currency":"Jordanian Dinar",
    "language":"Arabic",
    "religion":"Islam"
  },
  {
    "name":"Kazakhstan",
    "country_code":77,
    "capital":"Astana",
    "currency":"Tenge",
    "language":"Kazakh; Russian",
    "religion":"Islam, Christianity"
  },
  {
    "name":"Kenya",
    "country_code":254,
    "capital":"Nairobi",
    "currency":"Kenyan Shilling",
    "language":"Swahili; English",
    "religion":"Christianity"
  },
  {
    "name":"Kiribati",
    "country_code":686,
    "capital":"Tarawa Atoll",
    "currency":"Kiribati Dollar",
    "language":"English; Gilbertese",
    "religion":"Christianity"
  },
  {
    "name":"North Korea",
    "country_code":850,
    "capital":"Pyongyang",
    "currency":"North Korean Won",
    "language":"Korean",
    "religion":"Secular"
  },
  {
    "name":"South Korea",
    "country_code":82,
    "capital":"Seoul",
    "currency":"South Korean Won",
    "language":"Korean",
    "religion":"Atheist (but some follow Buddhist \u0026 Christian)"
  },
  {
    "name":"Kosovo",
    "country_code":383,
    "capital":"Pristina",
    "currency":"Euro",
    "language":"Albanian; Serbian",
    "religion":"Islam"
  },
  {
    "name":"Kuwait",
    "country_code":965,
    "capital":"Kuwait City",
    "currency":"Kuwaiti Dollar",
    "language":"Arabic; English",
    "religion":"Islam"
  },
  {
    "name":"Kyrgyzstan",
    "country_code":996,
    "capital":"Bishkek",
    "currency":"Som",
    "language":"Kyrgyz; Russian",
    "religion":"Islam, Russian Orthodoxy"
  },
  {
    "name":"Laos",
    "country_code":856,
    "capital":"Vientiane",
    "currency":"Kip",
    "language":"Lao (Laotian)",
    "religion":"Buddhism"
  },
  {
    "name":"Latvia",
    "country_code":371,
    "capital":"Riga",
    "currency":"Lats",
    "language":"Latvian",
    "religion":"Christianity"
  },
  {
    "name":"Lebanon",
    "country_code":961,
    "capital":"Beirut",
    "currency":"Lebanese Pound",
    "language":"Arabic; French",
    "religion":"Islam, Christianity"
  },
  {
    "name":"Lesotho",
    "country_code":266,
    "capital":"Maseru",
    "currency":"Loti",
    "language":"Sesotho; English",
    "religion":"Christianity"
  },
  {
    "name":"Liberia",
    "country_code":231,
    "capital":"Monrovia",
    "currency":"Liberian Dollar",
    "language":"English",
    "religion":"Christianity"
  },
  {
    "name":"Libya",
    "country_code":218,
    "capital":"Tripoli",
    "currency":"Libyan Dinar",
    "language":"Arabic",
    "religion":"Islam"
  },
  {
    "name":"Liechtenstein",
    "country_code":423,
    "capital":"Vaduz",
    "currency":"Swiss Franc",
    "language":"German",
    "religion":"Christianity"
  },
  {
    "name":"Lithuania",
    "country_code":370,
    "capital":"Vilnius",
    "currency":"Lithuanian Litas",
    "language":"Lithuanian",
    "religion":"Christianity"
  },
  {
    "name":"Luxembourg",
    "country_code":352,
    "capital":"Luxembourg",
    "currency":"Euro",
    "language":"German; French; Luxembourgish",
    "religion":"Christianity (But it is a Secular Country)"
  },
  {
    "name":"Macedonia",
    "country_code":389,
    "capital":"Skopje",
    "currency":"Macedonian Denar",
    "language":"Macedonian",
    "religion":"Christianity, Islam"
  },
  {
    "name":"Madagascar",
    "country_code":261,
    "capital":"Antananarivo",
    "currency":"Malagasy Ariary",
    "language":"Malagasy; French; English",
    "religion":"Traditional Religion"
  },
  {
    "name":"Malawi",
    "country_code":265,
    "capital":"Lilongwe",
    "currency":"Malawi Kwacha",
    "language":"English",
    "religion":"Christianity, Islam"
  },
  {
    "name":"Malaysia",
    "country_code":60,
    "capital":"Kuala Lumpur",
    "currency":"Ringgit",
    "language":"Malay",
    "religion":"Islam"
  },
  {
    "name":"Mali",
    "country_code":223,
    "capital":"Bamako",
    "currency":"West African CFA Franc",
    "language":"French",
    "religion":"Islam, Christianity"
  },
  {
    "name":"Malta",
    "country_code":356,
    "capital":"Valletta",
    "currency":"Euro",
    "language":"Maltese; English",
    "religion":"Christianity"
  },
  {
    "name":"Marshall Islands",
    "country_code":692,
    "capital":"Majuro",
    "currency":"United States Dollar",
    "language":"Marshallese; English",
    "religion":"Christianity"
  },
  {
    "name":"Mauritania",
    "country_code":222,
    "capital":"Nouakchott",
    "currency":"Ouguiya",
    "language":"Arabic",
    "religion":"Islam"
  },
  {
    "name":"Mauritius",
    "country_code":230,
    "capital":"Port Louis",
    "currency":"Mauritian Rupee",
    "language":"English",
    "religion":"Christianity, Islam"
  },
  {
    "name":"Mexico",
    "country_code":52,
    "capital":"Mexico City",
    "currency":"Mexican Peso",
    "language":"Spanish",
    "religion":"Christianity"
  },
  {
    "name":"Federal States of Micronesia",
    "country_code":691,
    "capital":"Palikir",
    "currency":"United States Dollar",
    "language":"English",
    "religion":"Christianity"
  },
  {
    "name":"Moldova",
    "country_code":373,
    "capital":"Chisinau",
    "currency":"Moldovan Leu",
    "language":"Moldovan (Romanian)",
    "religion":"Christianity"
  },
  {
    "name":"Monaco",
    "country_code":377,
    "capital":"Monaco",
    "currency":"Euro",
    "language":"French; Italian; English",
    "religion":"Christianity"
  },
  {
    "name":"Mongolia",
    "country_code":976,
    "capital":"Ulaanbaatar",
    "currency":"Togrog",
    "language":"Mongolian",
    "religion":"Buddhism"
  },
  {
    "name":"Montenegro",
    "country_code":382,
    "capital":"Podgorica",
    "currency":"Euro",
    "language":"Montenegrin",
    "religion":"Islam, Christianity"
  },
  {
    "name":"Morocco",
    "country_code":212,
    "capital":"Rabat",
    "currency":"Moroccan Dirham",
    "language":"Arabic",
    "religion":"Islam"
  },
  {
    "name":"Mozambique",
    "country_code":258,
    "capital":"Maputo",
    "currency":"Mozambican Metical",
    "language":"Portuguese",
    "religion":"Christianity, Islam"
  },
  {
    "name":"Myanmar (Burma)",
    "country_code":95,
    "capital":"Nypyidaw",
    "currency":"Kyat",
    "language":"Burmese",
    "religion":"Buddhism"
  },
  {
    "name":"Namibia",
    "country_code":264,
    "capital":"Windhoek",
    "currency":"Namibian Dollar",
    "language":"English; Afrikaans; German",
    "religion":"Christianity"
  },
  {
    "name":"Nauru",
    "country_code":674,
    "capital":"Yaren",
    "currency":"Australian Dollar",
    "language":"English; Nauran",
    "religion":"Christianity"
  },
  {
    "name":"Nepal",
    "country_code":977,
    "capital":"Kathmandu",
    "currency":"Nepalese Rupee",
    "language":"Nepali",
    "religion":"Hindu, Buddhism, Islam"
  },
  {
    "name":"Netherlands",
    "country_code":31,
    "capital":"Amsterdam; The Hague",
    "currency":"Euro",
    "language":"Dutch",
    "religion":"Christianity (But a Secular Country)"
  },
  {
    "name":"New Zealand",
    "country_code":64,
    "capital":"Wellington",
    "currency":"New Zealand Dollar",
    "language":"English",
    "religion":"Christianity (But a Secular Country)"
  },
  {
    "name":"Nicaragua",
    "country_code":505,
    "capital":"Managua",
    "currency":"Cordoba",
    "language":"Spanish",
    "religion":"Christianity"
  },
  {
    "name":"Niger",
    "country_code":227,
    "capital":"Niamey",
    "currency":"West African CFA Franc",
    "language":"French",
    "religion":"Islam, Christianity"
  },
  {
    "name":"Nigeria",
    "country_code":234,
    "capital":"Abuja",
    "currency":"Naira",
    "language":"English",
    "religion":"Christianity, Islam"
  },
  {
    "name":"Norway",
    "country_code":47,
    "capital":"Oslo",
    "currency":"Norwegian Krone",
    "language":"Norwegian",
    "religion":"Christianity"
  },
  {
    "name":"Oman",
    "country_code":968,
    "capital":"Muscat",
    "currency":"Omani Rial",
    "language":"Arabic",
    "religion":"Islam"
  },
  {
    "name":"Pakistan",
    "country_code":92,
    "capital":"Islamabad",
    "currency":"Pakistani Rupee",
    "language":"Urdu; English",
    "religion":"Islam"
  },
  {
    "name":"Palau",
    "country_code":680,
    "capital":"Melekeok",
    "currency":"United States Dollar",
    "language":"English; Palauan",
    "religion":"Christianity"
  },
  {
    "name":"Panama",
    "country_code":507,
    "capital":"Panama City",
    "currency":"Balboa",
    "language":"Spanish",
    "religion":"Christianity"
  },
  {
    "name":"Papua New Guinea",
    "country_code":675,
    "capital":"Port Moresby",
    "currency":"Papua New Guinean Kina",
    "language":"English; Tok Pisin; Hiri Motu",
    "religion":"Christianity"
  },
  {
    "name":"Paraguay",
    "country_code":595,
    "capital":"Asuncion",
    "currency":"Guarani",
    "language":"Spanish; Guarani",
    "religion":"Christianity"
  },
  {
    "name":"Peru",
    "country_code":51,
    "capital":"Lima",
    "currency":"Nuevo Sol",
    "language":"Spanish",
    "religion":"Christianity"
  },
  {
    "name":"Philippines",
    "country_code":63,
    "capital":"Manila",
    "currency":"Philippine Peso",
    "language":"Filipino; English",
    "religion":"Christianity, Islam"
  },
  {
    "name":"Poland",
    "country_code":48,
    "capital":"Warsaw",
    "currency":"Złoty",
    "language":"Polish",
    "religion":"Christianity"
  },
  {
    "name":"Portugal",
    "country_code":351,
    "capital":"Lisbon",
    "currency":"Euro",
    "language":"Portuguese",
    "religion":"Christianity"
  },
  {
    "name":"Qatar",
    "country_code":974,
    "capital":"Doha",
    "currency":"Qatari Riyal",
    "language":"Arabic",
    "religion":"Islam"
  },
  {
    "name":"Romania",
    "country_code":40,
    "capital":"Bucharest",
    "currency":"Romanian Rupee",
    "language":"Romanian",
    "religion":"Christianity"
  },
  {
    "name":"Russia",
    "country_code":7,
    "capital":"Moscow",
    "currency":"Ruble",
    "language":"Russian",
    "religion":"Christianity"
  },
  {
    "name":"Rwanda",
    "country_code":250,
    "capital":"Kigali",
    "currency":"Rwandan Franc",
    "language":"Kinyarwanda; French; English",
    "religion":"Christianity"
  },
  {
    "name":"Saint Kitts and Nevis",
    "country_code":1869,
    "capital":"Basseterre",
    "currency":"East Caribbean Dollar",
    "language":"English",
    "religion":"Christianity"
  },
  {
    "name":"Saint Lucia",
    "country_code":1758,
    "capital":"Castries",
    "currency":"East Caribbean Dollar",
    "language":"English; French",
    "religion":"Christianity"
  },
  {
    "name":"Saint Vincent \u0026 The Grenadines",
    "country_code":1784,
    "capital":"Kingstown",
    "currency":"East Caribbean Dollar",
    "language":"English",
    "religion":"Christianity"
  },
  {
    "name":"Samoa",
    "country_code":685,
    "capital":"Apia",
    "currency":"Tala",
    "language":"Samoan; English",
    "religion":"Christianity"
  },
  {
    "name":"San Marino",
    "country_code":378,
    "capital":"San Marino",
    "currency":"Euro",
    "language":"Italian",
    "religion":"Christianity"
  },
  {
    "name":"Sao Tome and Principe",
    "country_code":239,
    "capital":"Sao Tome",
    "currency":"Dobra",
    "language":"Portuguese",
    "religion":"Christianity"
  },
  {
    "name":"Saudi Arabia",
    "country_code":966,
    "capital":"Riyadh",
    "currency":"Saudi Riyal",
    "language":"Arabic",
    "religion":"Islam"
  },
  {
    "name":"Senegal",
    "country_code":221,
    "capital":"Dakar",
    "currency":"West African CFA Franc",
    "language":"French",
    "religion":"Islam"
  },
  {
    "name":"Serbia",
    "country_code":381,
    "capital":"Belgrade",
    "currency":"Serbian Dinar",
    "language":"Serbian",
    "religion":"Christianity"
  },
  {
    "name":"Seychelles",
    "country_code":248,
    "capital":"Victoria",
    "currency":"Seychoellois Rupee",
    "language":"Seychellois Creole; French; English",
    "religion":"Christianity"
  },
  {
    "name":"Sierra Leone",
    "country_code":232,
    "capital":"Freetown",
    "currency":"Leone",
    "language":"Krio; English",
    "religion":"Islam, Christianity"
  },
  {
    "name":"Singapore",
    "country_code":65,
    "capital":"Singapore",
    "currency":"Singapore Dollar",
    "language":"English; Malay; Mandarin Chinese",
    "religion":"Buddhist, Christianity"
  },
  {
    "name":"Slovakia",
    "country_code":421,
    "capital":"Bratislava",
    "currency":"Euro",
    "language":"Slovak",
    "religion":"Christianity"
  },
  {
    "name":"Slovenia",
    "country_code":386,
    "capital":"Ljubljana",
    "currency":"Euro",
    "language":"Slovene",
    "religion":"Christianity"
  },
  {
    "name":"Solomon Islands",
    "country_code":677,
    "capital":"Honiara",
    "currency":"Solomon Islands Dollar",
    "language":"Solomons Pijin",
    "religion":"Christianity"
  },
  {
    "name":"Somalia",
    "country_code":252,
    "capital":"Mogadishu",
    "currency":"Somali Shilling",
    "language":"Somali; Arabic",
    "religion":"Islam"
  },
  {
    "name":"South Africa",
    "country_code":27,
    "capital":"Pretoria; Cape Town; Bloemfontein",
    "currency":"Rand",
    "language":"Zulu; Xhosa; Afrikaans",
    "religion":"Christianity"
  },
  {
    "name":"Spain",
    "country_code":34,
    "capital":"Madrid",
    "currency":"Euro",
    "language":"Spanish",
    "religion":"Christianity"
  },
  {
    "name":"Sri Lanka",
    "country_code":94,
    "capital":"Colombo",
    "currency":"Sri Lankan Rupee",
    "language":"Sinhala; Tamil",
    "religion":"Buddhist, Hindu, Islam"
  },
  {
    "name":"Sudan",
    "country_code":249,
    "capital":"Khartoum",
    "currency":"Sudanese Pound",
    "language":"Arabic; English",
    "religion":"Islam"
  },
  {
    "name":"Suriname",
    "country_code":597,
    "capital":"Paramaribo",
    "currency":"Surinamese Dollar",
    "language":"Dutch",
    "religion":"Christianity"
  },
  {
    "name":"Swaziland",
    "country_code":268,
    "capital":"Mbabane",
    "currency":"Lilangeni",
    "language":"English; SiSwati",
    "religion":"Christianity"
  },
  {
    "name":"Sweden",
    "country_code":46,
    "capital":"Stockholm",
    "currency":"Swedish Krona",
    "language":"Swedish",
    "religion":"Christianity"
  },
  {
    "name":"Switzerland",
    "country_code":41,
    "capital":"Berne",
    "currency":"Swiss Franc",
    "language":"German; French; Italian",
    "religion":"Christianity"
  },
  {
    "name":"Syria",
    "country_code":963,
    "capital":"Damascus",
    "currency":"Syrian Pound",
    "language":"Arabic",
    "religion":"Islam, Christianity"
  },
  {
    "name":"Taiwan",
    "country_code":886,
    "capital":"Taipei",
    "currency":"New Taiwan Dollar",
    "language":"Mandarin",
    "religion":"Polytheistic ancient Chinese religion, Buddhism"
  },
  {
    "name":"Tajikistan",
    "country_code":992,
    "capital":"Dushanbe",
    "currency":"Somoni",
    "language":"Tajik; Russian",
    "religion":"Islam"
  },
  {
    "name":"Tanzania",
    "country_code":255,
    "capital":"Dar es Salaam; Dodoma",
    "currency":"Tanzanian Schilling",
    "language":"Swahili",
    "religion":"Islam, Christianity"
  },
  {
    "name":"Thailand",
    "country_code":66,
    "capital":"Bangkok",
    "currency":"Thai Baht",
    "language":"Thai",
    "religion":"Buddhism"
  },
  {
    "name":"Togo",
    "country_code":228,
    "capital":"Lome",
    "currency":"West African CFA Franc",
    "language":"French",
    "religion":"Traditional/Native religion, Christianity"
  },
  {
    "name":"Tonga",
    "country_code":676,
    "capital":"Nuku\u0027alofa",
    "currency":"Pa\u0027anga",
    "language":"Tongan; English",
    "religion":"Christianity"
  },
  {
    "name":"Trinidad and Tobago",
    "country_code":1868,
    "capital":"Port-of-Spain",
    "currency":"Trinidad and Tobago Dollar",
    "language":"English",
    "religion":"Christianity, Hindu, Islam"
  },
  {
    "name":"Tunisia",
    "country_code":216,
    "capital":"Tunis",
    "currency":"Tunisian Dinar",
    "language":"Tunisian; French",
    "religion":"Islam"
  },
  {
    "name":"Turkey",
    "country_code":90,
    "capital":"Ankara",
    "currency":"Turkish Lira",
    "language":"Turkish",
    "religion":"Islam (But Secular country)"
  },
  {
    "name":"Turkmenistan",
    "country_code":993,
    "capital":"Ashgabat",
    "currency":"Turkmen New Manat",
    "language":"Turkmen; Russian",
    "religion":"Islam"
  },
  {
    "name":"Tuvalu",
    "country_code":688,
    "capital":"Vaiaku",
    "currency":"Tuvaluan Dollar",
    "language":"Tuvaluan; English",
    "religion":"Christianity"
  },
  {
    "name":"Uganda",
    "country_code":256,
    "capital":"Kampala",
    "currency":"Ugandan Shilling",
    "language":"Swahili; English",
    "religion":"Christianity"
  },
  {
    "name":"Ukraine",
    "country_code":380,
    "capital":"Kiev",
    "currency":"Hryvnia",
    "language":"Ukrainian; Russian",
    "religion":"Eastern Orthodoxy"
  },
  {
    "name":"United Arab Emirates",
    "country_code":971,
    "capital":"Abu Dhabi",
    "currency":"Dirham",
    "language":"Arabic",
    "religion":"Islam"
  },
  {
    "name":"United Kingdom",
    "country_code":44,
    "capital":"London",
    "currency":"Pound Sterling",
    "language":"English",
    "religion":"Christianity"
  },
  {
    "name":"United States of America",
    "country_code":1,
    "capital":"Washington D.C.",
    "currency":"United States Dollar",
    "language":"English; Spanish",
    "religion":"Christianity"
  },
  {
    "name":"Uruguay",
    "country_code":598,
    "capital":"Montevideo",
    "currency":"Uruguayan Peso",
    "language":"Spanish",
    "religion":"Christianity"
  },
  {
    "name":"Uzbekistan",
    "country_code":998,
    "capital":"Tashkent",
    "currency":"Uzbekistan Som",
    "language":"Uzbek; Russian",
    "religion":"Islam"
  },
  {
    "name":"Vanuatu",
    "country_code":678,
    "capital":"Port-Vila",
    "currency":"Vanuatu Vatu",
    "language":"Bislama; English; French",
    "religion":"Christianity"
  },
  {
    "name":"Vatican City",
    "country_code":379,
    "capital":"Vatican City",
    "currency":"Euro",
    "language":"Latin; Italian",
    "religion":"Christianity"
  },
  {
    "name":"Venezuela",
    "country_code":58,
    "capital":"Caracas",
    "currency":"Bolivar Fuerte",
    "language":"Spanish",
    "religion":"Christianity"
  },
  {
    "name":"Vietnam",
    "country_code":84,
    "capital":"Hanoi",
    "currency":"Dong",
    "language":"Vietnamese",
    "religion":"Native religious practice, Christianity"
  },
  {
    "name":"Yemen",
    "country_code":967,
    "capital":"Sanaa",
    "currency":"Yemeni Rial",
    "language":"Arabic",
    "religion":"Islam"
  },
  {
    "name":"Zambia",
    "country_code":260,
    "capital":"Lusaka",
    "currency":"Zambian Kwacha",
    "language":"English",
    "religion":"Christianity"
  },
  {
    "name":"Zimbabwe",
    "country_code":263,
    "capital":"Harare",
    "currency":"United States Dollar",
    "language":"English",
    "religion":"Christianity"
  }
]
